{
    "accuracy": 0.9663193603101526,
    "f1_score": 0.8863450531479967,
    "roc_auc": 0.990625661120156,
    "precision": 0.9659938314266947,
    "recall": 0.9663193603101526
}